{"cameraMode":{"drawMode":0,"name":"Shaded","section":"Shading Mode"},"sceneLighting":true,"audioPlay":false,"sceneViewState":{"showFog":true,"showMaterialUpdate":false,"showSkybox":true,"showFlares":true,"showImageEffects":true,"showParticleSystems":true},"in2DMode":false,"pivot":{"x":189.47216796875,"y":564.7669067382813,"z":-133.380126953125},"rotation":{"x":0.1960419863462448,"y":-0.059680115431547168,"z":-0.011956507340073586,"w":-0.9787103533744812},"size":290.7961730957031,"orthographic":false}